employee_id,employee_name,department_id,manager_id,hire_date,job_title
1,Aarav Sharma,1,,2024-03-04,Senior Analyst
2,Ananya Sharma,2,,2017-04-13,Manager
3,Rohan Sharma,3,,2019-10-01,Senior Developer
4,Priya Sharma,4,,2018-07-26,Senior Analyst
5,Vikram Sharma,5,,2024-08-03,Consultant
6,Neha Sharma,6,,2017-12-23,Director
7,Arjun Sharma,7,,2021-09-25,Analyst
8,Kavya Sharma,8,,2017-05-03,Senior Analyst
9,Rahul Sharma,9,,2019-06-15,Senior Developer
10,Sneha Sharma,10,,2022-09-01,Director
11,Aditya Sharma,1,26.0,2017-04-19,Consultant
12,Pooja Sharma,2,54.0,2025-01-11,Consultant
13,Karan Sharma,3,76.0,2019-06-22,Lead
14,Isha Sharma,4,98.0,2020-02-14,Analyst
15,Nikhil Sharma,5,44.0,2018-10-16,Associate
16,Meera Sharma,6,28.0,2020-02-13,Developer
17,Sanjay Sharma,7,14.0,2025-07-25,Senior Manager
18,Riya Sharma,8,13.0,2018-01-15,Associate
19,Amit Sharma,9,78.0,2021-01-10,Senior Manager
20,Simran Sharma,10,94.0,2019-12-20,Analyst
21,Varun Sharma,1,16.0,2022-02-25,Consultant
22,Shreya Sharma,2,71.0,2021-03-31,Senior Analyst
23,Manish Sharma,3,,2020-04-15,Director
24,Tanya Sharma,4,,2021-01-21,Director
25,Deepak Sharma,5,6.0,2019-02-27,Senior Analyst
26,Nisha Sharma,6,99.0,2024-06-01,Senior Developer
27,Abhishek Sharma,7,110.0,2020-03-31,Senior Analyst
28,Aditi Sharma,8,49.0,2019-08-12,Senior Analyst
29,Mohit Sharma,9,82.0,2020-02-13,Lead
30,Divya Sharma,10,48.0,2021-02-03,Developer
31,Aarav Verma,1,86.0,2020-12-26,Senior Developer
32,Ananya Verma,2,78.0,2019-12-30,Senior Analyst
33,Rohan Verma,3,69.0,2024-02-14,Developer
34,Priya Verma,4,21.0,2025-03-06,Senior Developer
35,Vikram Verma,5,,2022-03-09,Associate
36,Neha Verma,6,29.0,2024-03-06,Consultant
37,Arjun Verma,7,108.0,2024-09-05,Senior Manager
38,Kavya Verma,8,30.0,2025-08-14,Analyst
39,Rahul Verma,9,52.0,2017-05-12,Senior Manager
40,Sneha Verma,10,28.0,2020-01-02,Senior Analyst
41,Aditya Verma,1,28.0,2023-05-13,Senior Manager
42,Pooja Verma,2,51.0,2024-05-08,Lead
43,Karan Verma,3,19.0,2024-03-18,Lead
44,Isha Verma,4,32.0,2019-12-21,Developer
45,Nikhil Verma,5,69.0,2025-05-10,Consultant
46,Meera Verma,6,,2019-12-13,Director
47,Sanjay Verma,7,,2021-10-21,Director
48,Riya Verma,8,29.0,2021-06-24,Senior Manager
49,Amit Verma,9,64.0,2018-07-21,Consultant
50,Simran Verma,10,111.0,2018-01-08,Analyst
51,Varun Verma,1,81.0,2018-03-26,Developer
52,Shreya Verma,2,77.0,2018-10-18,Associate
53,Manish Verma,3,49.0,2017-09-18,Associate
54,Tanya Verma,4,68.0,2023-09-07,Lead
55,Deepak Verma,5,111.0,2019-10-27,Consultant
56,Nisha Verma,6,88.0,2017-02-17,Senior Analyst
57,Abhishek Verma,7,99.0,2023-01-09,Manager
58,Aditi Verma,8,15.0,2024-03-10,Senior Manager
59,Mohit Verma,9,21.0,2020-04-17,Associate
60,Divya Verma,10,93.0,2022-02-02,Analyst
61,Aarav Gupta,1,65.0,2025-01-26,Manager
62,Ananya Gupta,2,65.0,2025-07-18,Developer
63,Rohan Gupta,3,108.0,2018-03-12,Manager
64,Priya Gupta,4,78.0,2024-03-02,Consultant
65,Vikram Gupta,5,48.0,2019-03-26,Developer
66,Neha Gupta,6,70.0,2025-07-21,Developer
67,Arjun Gupta,7,118.0,2025-09-25,Consultant
68,Kavya Gupta,8,,2017-01-03,Director
69,Rahul Gupta,9,3.0,2020-08-20,Lead
70,Sneha Gupta,10,113.0,2018-04-04,Senior Manager
71,Aditya Gupta,1,8.0,2020-06-13,Senior Developer
72,Pooja Gupta,2,,2019-09-14,Director
73,Karan Gupta,3,94.0,2017-11-19,Senior Analyst
74,Isha Gupta,4,98.0,2022-06-14,Senior Analyst
75,Nikhil Gupta,5,17.0,2022-12-22,Developer
76,Meera Gupta,6,71.0,2024-05-26,Lead
77,Sanjay Gupta,7,68.0,2018-11-08,Manager
78,Riya Gupta,8,28.0,2023-10-21,Associate
79,Amit Gupta,9,92.0,2023-01-18,Senior Developer
80,Simran Gupta,10,86.0,2020-06-30,Associate
81,Varun Gupta,1,57.0,2024-04-15,Senior Manager
82,Shreya Gupta,2,16.0,2022-10-21,Lead
83,Manish Gupta,3,9.0,2019-10-13,Senior Developer
84,Tanya Gupta,4,76.0,2020-10-16,Analyst
85,Deepak Gupta,5,76.0,2023-03-19,Senior Developer
86,Nisha Gupta,6,10.0,2019-06-22,Analyst
87,Abhishek Gupta,7,30.0,2024-12-09,Analyst
88,Aditi Gupta,8,111.0,2017-10-04,Analyst
89,Mohit Gupta,9,66.0,2020-09-15,Senior Analyst
90,Divya Gupta,10,86.0,2019-09-02,Manager
91,Aarav Singh,1,70.0,2022-06-12,Senior Developer
92,Ananya Singh,2,,2018-06-26,Director
93,Rohan Singh,3,32.0,2023-06-19,Lead
94,Priya Singh,4,25.0,2022-04-22,Associate
95,Vikram Singh,5,85.0,2018-01-22,Senior Analyst
96,Neha Singh,6,55.0,2021-11-01,Senior Manager
97,Arjun Singh,7,111.0,2021-08-11,Lead
98,Kavya Singh,8,87.0,2025-03-06,Analyst
99,Rahul Singh,9,8.0,2024-04-30,Senior Analyst
100,Sneha Singh,10,103.0,2021-07-08,Senior Manager
101,Aditya Singh,1,25.0,2018-03-24,Senior Developer
102,Pooja Singh,2,58.0,2019-02-19,Consultant
103,Karan Singh,3,24.0,2018-07-29,Associate
104,Isha Singh,4,32.0,2020-02-15,Lead
105,Nikhil Singh,5,104.0,2017-11-05,Lead
106,Meera Singh,6,7.0,2023-03-05,Senior Analyst
107,Sanjay Singh,7,108.0,2024-04-25,Consultant
108,Riya Singh,8,119.0,2017-03-02,Senior Analyst
109,Amit Singh,9,22.0,2025-06-14,Senior Developer
110,Simran Singh,10,62.0,2021-07-23,Lead
111,Varun Singh,1,116.0,2019-05-26,Associate
112,Shreya Singh,2,49.0,2017-08-29,Developer
113,Manish Singh,3,34.0,2017-01-09,Associate
114,Tanya Singh,4,55.0,2022-02-07,Manager
115,Deepak Singh,5,85.0,2024-10-24,Consultant
116,Nisha Singh,6,20.0,2025-01-21,Lead
117,Abhishek Singh,7,28.0,2019-02-17,Manager
118,Aditi Singh,8,,2017-08-28,Director
119,Mohit Singh,9,8.0,2025-04-02,Consultant
120,Divya Singh,10,8.0,2025-05-22,Senior Manager
